onnx/relu_quadrotor2d_state.onnx,vnnlib/quadrotor2d_state_0.vnnlib,25
onnx/relu_quadrotor2d_state.onnx,vnnlib/quadrotor2d_state_1.vnnlib,25
onnx/relu_quadrotor2d_state.onnx,vnnlib/quadrotor2d_state_2.vnnlib,25
onnx/relu_quadrotor2d_state.onnx,vnnlib/quadrotor2d_state_3.vnnlib,25
onnx/relu_quadrotor2d_state.onnx,vnnlib/quadrotor2d_state_4.vnnlib,25
onnx/relu_quadrotor2d_state.onnx,vnnlib/quadrotor2d_state_5.vnnlib,25
onnx/relu_quadrotor2d_state.onnx,vnnlib/quadrotor2d_state_6.vnnlib,25
onnx/relu_quadrotor2d_state.onnx,vnnlib/quadrotor2d_state_7.vnnlib,25
onnx/relu_quadrotor2d_state.onnx,vnnlib/quadrotor2d_state_8.vnnlib,25
onnx/relu_quadrotor2d_state.onnx,vnnlib/quadrotor2d_state_9.vnnlib,25
onnx/relu_quadrotor2d_state.onnx,vnnlib/quadrotor2d_state_10.vnnlib,25
onnx/relu_quadrotor2d_state.onnx,vnnlib/quadrotor2d_state_11.vnnlib,25
onnx/relu_quadrotor2d_state.onnx,vnnlib/quadrotor2d_state_12.vnnlib,25
onnx/relu_quadrotor2d_state.onnx,vnnlib/quadrotor2d_state_13.vnnlib,25
onnx/relu_quadrotor2d_state.onnx,vnnlib/quadrotor2d_state_14.vnnlib,25
onnx/relu_quadrotor2d_state.onnx,vnnlib/quadrotor2d_state_15.vnnlib,25
onnx/relu_quadrotor2d_state.onnx,vnnlib/quadrotor2d_state_16.vnnlib,25
onnx/relu_quadrotor2d_state.onnx,vnnlib/quadrotor2d_state_17.vnnlib,25
onnx/relu_quadrotor2d_state.onnx,vnnlib/quadrotor2d_state_18.vnnlib,25
onnx/relu_quadrotor2d_state.onnx,vnnlib/quadrotor2d_state_19.vnnlib,25
onnx/relu_quadrotor2d_state.onnx,vnnlib/quadrotor2d_state_20.vnnlib,25
onnx/relu_quadrotor2d_state.onnx,vnnlib/quadrotor2d_state_21.vnnlib,25
onnx/relu_quadrotor2d_state.onnx,vnnlib/quadrotor2d_state_22.vnnlib,25
onnx/relu_quadrotor2d_state.onnx,vnnlib/quadrotor2d_state_23.vnnlib,25
onnx/relu_quadrotor2d_state.onnx,vnnlib/quadrotor2d_state_24.vnnlib,25
onnx/relu_quadrotor2d_state.onnx,vnnlib/quadrotor2d_state_25.vnnlib,25
onnx/relu_quadrotor2d_state.onnx,vnnlib/quadrotor2d_state_26.vnnlib,25
onnx/relu_quadrotor2d_state.onnx,vnnlib/quadrotor2d_state_27.vnnlib,25
onnx/relu_quadrotor2d_state.onnx,vnnlib/quadrotor2d_state_28.vnnlib,25
onnx/relu_quadrotor2d_state.onnx,vnnlib/quadrotor2d_state_29.vnnlib,25
onnx/relu_quadrotor2d_state.onnx,vnnlib/quadrotor2d_state_30.vnnlib,25
onnx/relu_quadrotor2d_state.onnx,vnnlib/quadrotor2d_state_31.vnnlib,25
onnx/relu_quadrotor2d_state.onnx,vnnlib/quadrotor2d_state_32.vnnlib,25
onnx/relu_quadrotor2d_state.onnx,vnnlib/quadrotor2d_state_33.vnnlib,25
onnx/relu_quadrotor2d_state.onnx,vnnlib/quadrotor2d_state_34.vnnlib,25
onnx/relu_quadrotor2d_state.onnx,vnnlib/quadrotor2d_state_35.vnnlib,25
onnx/relu_quadrotor2d_state.onnx,vnnlib/quadrotor2d_state_36.vnnlib,25
onnx/relu_quadrotor2d_state.onnx,vnnlib/quadrotor2d_state_37.vnnlib,25
onnx/relu_quadrotor2d_state.onnx,vnnlib/quadrotor2d_state_38.vnnlib,25
onnx/relu_quadrotor2d_state.onnx,vnnlib/quadrotor2d_state_39.vnnlib,25
onnx/relu_quadrotor2d_state.onnx,vnnlib/quadrotor2d_state_40.vnnlib,25
onnx/relu_quadrotor2d_state.onnx,vnnlib/quadrotor2d_state_41.vnnlib,25
onnx/relu_quadrotor2d_state.onnx,vnnlib/quadrotor2d_state_42.vnnlib,25
onnx/relu_quadrotor2d_state.onnx,vnnlib/quadrotor2d_state_43.vnnlib,25
onnx/relu_quadrotor2d_state.onnx,vnnlib/quadrotor2d_state_44.vnnlib,25
onnx/relu_quadrotor2d_state.onnx,vnnlib/quadrotor2d_state_45.vnnlib,25
onnx/relu_quadrotor2d_state.onnx,vnnlib/quadrotor2d_state_46.vnnlib,25
onnx/relu_quadrotor2d_state.onnx,vnnlib/quadrotor2d_state_47.vnnlib,25
onnx/relu_quadrotor2d_state.onnx,vnnlib/quadrotor2d_state_48.vnnlib,25
onnx/relu_quadrotor2d_state.onnx,vnnlib/quadrotor2d_state_49.vnnlib,25
onnx/relu_quadrotor2d_state.onnx,vnnlib/quadrotor2d_state_50.vnnlib,25
onnx/relu_quadrotor2d_state.onnx,vnnlib/quadrotor2d_state_51.vnnlib,25
onnx/relu_quadrotor2d_state.onnx,vnnlib/quadrotor2d_state_52.vnnlib,25
onnx/relu_quadrotor2d_state.onnx,vnnlib/quadrotor2d_state_53.vnnlib,25
onnx/relu_quadrotor2d_state.onnx,vnnlib/quadrotor2d_state_54.vnnlib,25
onnx/relu_quadrotor2d_state.onnx,vnnlib/quadrotor2d_state_55.vnnlib,25
onnx/relu_quadrotor2d_state.onnx,vnnlib/quadrotor2d_state_56.vnnlib,25
onnx/relu_quadrotor2d_state.onnx,vnnlib/quadrotor2d_state_57.vnnlib,25
onnx/relu_quadrotor2d_state.onnx,vnnlib/quadrotor2d_state_58.vnnlib,25
onnx/relu_quadrotor2d_state.onnx,vnnlib/quadrotor2d_state_59.vnnlib,25
onnx/relu_quadrotor2d_state.onnx,vnnlib/quadrotor2d_state_60.vnnlib,25
onnx/relu_quadrotor2d_state.onnx,vnnlib/quadrotor2d_state_61.vnnlib,25
onnx/relu_quadrotor2d_state.onnx,vnnlib/quadrotor2d_state_62.vnnlib,25
onnx/relu_quadrotor2d_state.onnx,vnnlib/quadrotor2d_state_63.vnnlib,25
onnx/relu_quadrotor2d_state.onnx,vnnlib/quadrotor2d_state_64.vnnlib,25
onnx/relu_quadrotor2d_state.onnx,vnnlib/quadrotor2d_state_65.vnnlib,25
onnx/relu_quadrotor2d_state.onnx,vnnlib/quadrotor2d_state_66.vnnlib,25
onnx/relu_quadrotor2d_state.onnx,vnnlib/quadrotor2d_state_67.vnnlib,25
onnx/relu_quadrotor2d_state.onnx,vnnlib/quadrotor2d_state_68.vnnlib,25
onnx/relu_quadrotor2d_state.onnx,vnnlib/quadrotor2d_state_69.vnnlib,25
onnx/relu_quadrotor2d_state.onnx,vnnlib/quadrotor2d_state_70.vnnlib,25
onnx/relu_quadrotor2d_state.onnx,vnnlib/quadrotor2d_state_71.vnnlib,25
onnx/relu_quadrotor2d_state.onnx,vnnlib/quadrotor2d_state_72.vnnlib,25
onnx/relu_quadrotor2d_state.onnx,vnnlib/quadrotor2d_state_73.vnnlib,25
onnx/relu_quadrotor2d_state.onnx,vnnlib/quadrotor2d_state_74.vnnlib,25
onnx/relu_quadrotor2d_state.onnx,vnnlib/quadrotor2d_state_75.vnnlib,25
onnx/relu_quadrotor2d_state.onnx,vnnlib/quadrotor2d_state_76.vnnlib,25
onnx/relu_quadrotor2d_state.onnx,vnnlib/quadrotor2d_state_77.vnnlib,25
onnx/relu_quadrotor2d_state.onnx,vnnlib/quadrotor2d_state_78.vnnlib,25
onnx/relu_quadrotor2d_state.onnx,vnnlib/quadrotor2d_state_79.vnnlib,25
