onnx/cartpole.onnx,vnnlib/cartpole_case_safe_14.vnnlib,900
onnx/cartpole.onnx,vnnlib/cartpole_case_safe_49.vnnlib,900
onnx/cartpole.onnx,vnnlib/cartpole_case_safe_54.vnnlib,900
onnx/cartpole.onnx,vnnlib/cartpole_case_safe_59.vnnlib,900
onnx/cartpole.onnx,vnnlib/cartpole_case_safe_60.vnnlib,900
onnx/cartpole.onnx,vnnlib/cartpole_case_safe_78.vnnlib,900
onnx/cartpole.onnx,vnnlib/cartpole_case_safe_80.vnnlib,900
onnx/cartpole.onnx,vnnlib/cartpole_case_safe_81.vnnlib,900
onnx/cartpole.onnx,vnnlib/cartpole_case_safe_9.vnnlib,900
onnx/cartpole.onnx,vnnlib/cartpole_case_safe_90.vnnlib,900
onnx/cartpole.onnx,vnnlib/cartpole_case_safe_92.vnnlib,900
onnx/cartpole.onnx,vnnlib/cartpole_case_safe_93.vnnlib,900
onnx/cartpole.onnx,vnnlib/cartpole_case_safe_94.vnnlib,900
onnx/cartpole.onnx,vnnlib/cartpole_case_safe_97.vnnlib,900
onnx/cartpole.onnx,vnnlib/cartpole_case_unsafe_1.vnnlib,900
onnx/cartpole.onnx,vnnlib/cartpole_case_unsafe_10.vnnlib,900
onnx/cartpole.onnx,vnnlib/cartpole_case_unsafe_11.vnnlib,900
onnx/cartpole.onnx,vnnlib/cartpole_case_unsafe_15.vnnlib,900
onnx/cartpole.onnx,vnnlib/cartpole_case_unsafe_2.vnnlib,900
onnx/cartpole.onnx,vnnlib/cartpole_case_unsafe_22.vnnlib,900
onnx/cartpole.onnx,vnnlib/cartpole_case_unsafe_24.vnnlib,900
onnx/cartpole.onnx,vnnlib/cartpole_case_unsafe_3.vnnlib,900
onnx/cartpole.onnx,vnnlib/cartpole_case_unsafe_33.vnnlib,900
onnx/cartpole.onnx,vnnlib/cartpole_case_unsafe_34.vnnlib,900
onnx/cartpole.onnx,vnnlib/cartpole_case_unsafe_35.vnnlib,900
onnx/cartpole.onnx,vnnlib/cartpole_case_unsafe_36.vnnlib,900
onnx/cartpole.onnx,vnnlib/cartpole_case_unsafe_4.vnnlib,900
onnx/cartpole.onnx,vnnlib/cartpole_case_unsafe_6.vnnlib,900
onnx/lunarlander.onnx,vnnlib/lunarlander_case_safe_1.vnnlib,900
onnx/lunarlander.onnx,vnnlib/lunarlander_case_safe_12.vnnlib,900
onnx/lunarlander.onnx,vnnlib/lunarlander_case_safe_13.vnnlib,900
onnx/lunarlander.onnx,vnnlib/lunarlander_case_safe_18.vnnlib,900
onnx/lunarlander.onnx,vnnlib/lunarlander_case_safe_31.vnnlib,900
onnx/lunarlander.onnx,vnnlib/lunarlander_case_safe_40.vnnlib,900
onnx/lunarlander.onnx,vnnlib/lunarlander_case_safe_41.vnnlib,900
onnx/lunarlander.onnx,vnnlib/lunarlander_case_safe_43.vnnlib,900
onnx/lunarlander.onnx,vnnlib/lunarlander_case_safe_5.vnnlib,900
onnx/lunarlander.onnx,vnnlib/lunarlander_case_safe_53.vnnlib,900
onnx/lunarlander.onnx,vnnlib/lunarlander_case_safe_58.vnnlib,900
onnx/lunarlander.onnx,vnnlib/lunarlander_case_safe_6.vnnlib,900
onnx/lunarlander.onnx,vnnlib/lunarlander_case_safe_66.vnnlib,900
onnx/lunarlander.onnx,vnnlib/lunarlander_case_safe_71.vnnlib,900
onnx/lunarlander.onnx,vnnlib/lunarlander_case_safe_74.vnnlib,900
onnx/lunarlander.onnx,vnnlib/lunarlander_case_safe_79.vnnlib,900
onnx/lunarlander.onnx,vnnlib/lunarlander_case_unsafe_72.vnnlib,900
onnx/lunarlander.onnx,vnnlib/lunarlander_case_unsafe_78.vnnlib,900
onnx/lunarlander.onnx,vnnlib/lunarlander_case_unsafe_82.vnnlib,900
onnx/lunarlander.onnx,vnnlib/lunarlander_case_unsafe_85.vnnlib,900
onnx/lunarlander.onnx,vnnlib/lunarlander_case_unsafe_95.vnnlib,900
onnx/lunarlander.onnx,vnnlib/lunarlander_case_unsafe_96.vnnlib,900
