onnx/tllBench_n=2_N=M=8_m=1_instance_0_0.onnx,vnnlib/property_N=8_0.vnnlib,600
onnx/tllBench_n=2_N=M=8_m=1_instance_0_1.onnx,vnnlib/property_N=8_1.vnnlib,600
onnx/tllBench_n=2_N=M=8_m=1_instance_0_2.onnx,vnnlib/property_N=8_2.vnnlib,600
onnx/tllBench_n=2_N=M=8_m=1_instance_0_3.onnx,vnnlib/property_N=8_3.vnnlib,600
onnx/tllBench_n=2_N=M=16_m=1_instance_1_0.onnx,vnnlib/property_N=16_0.vnnlib,600
onnx/tllBench_n=2_N=M=16_m=1_instance_1_1.onnx,vnnlib/property_N=16_1.vnnlib,600
onnx/tllBench_n=2_N=M=16_m=1_instance_1_2.onnx,vnnlib/property_N=16_2.vnnlib,600
onnx/tllBench_n=2_N=M=16_m=1_instance_1_3.onnx,vnnlib/property_N=16_3.vnnlib,600
onnx/tllBench_n=2_N=M=24_m=1_instance_2_0.onnx,vnnlib/property_N=24_0.vnnlib,600
onnx/tllBench_n=2_N=M=24_m=1_instance_2_1.onnx,vnnlib/property_N=24_1.vnnlib,600
onnx/tllBench_n=2_N=M=24_m=1_instance_2_2.onnx,vnnlib/property_N=24_2.vnnlib,600
onnx/tllBench_n=2_N=M=24_m=1_instance_2_3.onnx,vnnlib/property_N=24_3.vnnlib,600
onnx/tllBench_n=2_N=M=32_m=1_instance_3_0.onnx,vnnlib/property_N=32_0.vnnlib,600
onnx/tllBench_n=2_N=M=32_m=1_instance_3_1.onnx,vnnlib/property_N=32_1.vnnlib,600
onnx/tllBench_n=2_N=M=32_m=1_instance_3_2.onnx,vnnlib/property_N=32_2.vnnlib,600
onnx/tllBench_n=2_N=M=32_m=1_instance_3_3.onnx,vnnlib/property_N=32_3.vnnlib,600
onnx/tllBench_n=2_N=M=40_m=1_instance_4_0.onnx,vnnlib/property_N=40_0.vnnlib,600
onnx/tllBench_n=2_N=M=40_m=1_instance_4_1.onnx,vnnlib/property_N=40_1.vnnlib,600
onnx/tllBench_n=2_N=M=40_m=1_instance_4_2.onnx,vnnlib/property_N=40_2.vnnlib,600
onnx/tllBench_n=2_N=M=40_m=1_instance_4_3.onnx,vnnlib/property_N=40_3.vnnlib,600
onnx/tllBench_n=2_N=M=48_m=1_instance_5_0.onnx,vnnlib/property_N=48_0.vnnlib,600
onnx/tllBench_n=2_N=M=48_m=1_instance_5_1.onnx,vnnlib/property_N=48_1.vnnlib,600
onnx/tllBench_n=2_N=M=48_m=1_instance_5_2.onnx,vnnlib/property_N=48_2.vnnlib,600
onnx/tllBench_n=2_N=M=48_m=1_instance_5_3.onnx,vnnlib/property_N=48_3.vnnlib,600
onnx/tllBench_n=2_N=M=56_m=1_instance_6_0.onnx,vnnlib/property_N=56_0.vnnlib,600
onnx/tllBench_n=2_N=M=56_m=1_instance_6_1.onnx,vnnlib/property_N=56_1.vnnlib,600
onnx/tllBench_n=2_N=M=56_m=1_instance_6_2.onnx,vnnlib/property_N=56_2.vnnlib,600
onnx/tllBench_n=2_N=M=56_m=1_instance_6_3.onnx,vnnlib/property_N=56_3.vnnlib,600
onnx/tllBench_n=2_N=M=64_m=1_instance_7_0.onnx,vnnlib/property_N=64_0.vnnlib,600
onnx/tllBench_n=2_N=M=64_m=1_instance_7_1.onnx,vnnlib/property_N=64_1.vnnlib,600
onnx/tllBench_n=2_N=M=64_m=1_instance_7_2.onnx,vnnlib/property_N=64_2.vnnlib,600
onnx/tllBench_n=2_N=M=64_m=1_instance_7_3.onnx,vnnlib/property_N=64_3.vnnlib,600
