TinyImageNet_resnet_medium.onnx,TinyImageNet_resnet_medium_prop_idx_8660_sidx_1745_eps_0.0039.vnnlib,100
TinyImageNet_resnet_medium.onnx,TinyImageNet_resnet_medium_prop_idx_4911_sidx_8317_eps_0.0039.vnnlib,100
TinyImageNet_resnet_medium.onnx,TinyImageNet_resnet_medium_prop_idx_931_sidx_2617_eps_0.0039.vnnlib,100
TinyImageNet_resnet_medium.onnx,TinyImageNet_resnet_medium_prop_idx_8176_sidx_2705_eps_0.0039.vnnlib,100
TinyImageNet_resnet_medium.onnx,TinyImageNet_resnet_medium_prop_idx_162_sidx_1236_eps_0.0039.vnnlib,100
TinyImageNet_resnet_medium.onnx,TinyImageNet_resnet_medium_prop_idx_7109_sidx_4074_eps_0.0039.vnnlib,100
TinyImageNet_resnet_medium.onnx,TinyImageNet_resnet_medium_prop_idx_2899_sidx_6313_eps_0.0039.vnnlib,100
TinyImageNet_resnet_medium.onnx,TinyImageNet_resnet_medium_prop_idx_7009_sidx_2955_eps_0.0039.vnnlib,100
TinyImageNet_resnet_medium.onnx,TinyImageNet_resnet_medium_prop_idx_8046_sidx_6661_eps_0.0039.vnnlib,100
TinyImageNet_resnet_medium.onnx,TinyImageNet_resnet_medium_prop_idx_7602_sidx_6083_eps_0.0039.vnnlib,100
TinyImageNet_resnet_medium.onnx,TinyImageNet_resnet_medium_prop_idx_2823_sidx_3967_eps_0.0039.vnnlib,100
TinyImageNet_resnet_medium.onnx,TinyImageNet_resnet_medium_prop_idx_8464_sidx_3408_eps_0.0039.vnnlib,100
TinyImageNet_resnet_medium.onnx,TinyImageNet_resnet_medium_prop_idx_9283_sidx_5478_eps_0.0039.vnnlib,100
TinyImageNet_resnet_medium.onnx,TinyImageNet_resnet_medium_prop_idx_1037_sidx_7307_eps_0.0039.vnnlib,100
TinyImageNet_resnet_medium.onnx,TinyImageNet_resnet_medium_prop_idx_1262_sidx_7311_eps_0.0039.vnnlib,100
TinyImageNet_resnet_medium.onnx,TinyImageNet_resnet_medium_prop_idx_5673_sidx_6615_eps_0.0039.vnnlib,100
TinyImageNet_resnet_medium.onnx,TinyImageNet_resnet_medium_prop_idx_1831_sidx_5421_eps_0.0039.vnnlib,100
TinyImageNet_resnet_medium.onnx,TinyImageNet_resnet_medium_prop_idx_8186_sidx_1858_eps_0.0039.vnnlib,100
TinyImageNet_resnet_medium.onnx,TinyImageNet_resnet_medium_prop_idx_9172_sidx_3194_eps_0.0039.vnnlib,100
TinyImageNet_resnet_medium.onnx,TinyImageNet_resnet_medium_prop_idx_4678_sidx_1977_eps_0.0039.vnnlib,100
TinyImageNet_resnet_medium.onnx,TinyImageNet_resnet_medium_prop_idx_9656_sidx_451_eps_0.0039.vnnlib,100
TinyImageNet_resnet_medium.onnx,TinyImageNet_resnet_medium_prop_idx_6412_sidx_6140_eps_0.0039.vnnlib,100
TinyImageNet_resnet_medium.onnx,TinyImageNet_resnet_medium_prop_idx_410_sidx_1150_eps_0.0039.vnnlib,100
TinyImageNet_resnet_medium.onnx,TinyImageNet_resnet_medium_prop_idx_2908_sidx_3802_eps_0.0039.vnnlib,100
TinyImageNet_resnet_medium.onnx,TinyImageNet_resnet_medium_prop_idx_9462_sidx_2991_eps_0.0039.vnnlib,100
TinyImageNet_resnet_medium.onnx,TinyImageNet_resnet_medium_prop_idx_4871_sidx_7562_eps_0.0039.vnnlib,100
TinyImageNet_resnet_medium.onnx,TinyImageNet_resnet_medium_prop_idx_4461_sidx_4077_eps_0.0039.vnnlib,100
TinyImageNet_resnet_medium.onnx,TinyImageNet_resnet_medium_prop_idx_4142_sidx_3660_eps_0.0039.vnnlib,100
TinyImageNet_resnet_medium.onnx,TinyImageNet_resnet_medium_prop_idx_3973_sidx_9461_eps_0.0039.vnnlib,100
TinyImageNet_resnet_medium.onnx,TinyImageNet_resnet_medium_prop_idx_1728_sidx_3229_eps_0.0039.vnnlib,100
TinyImageNet_resnet_medium.onnx,TinyImageNet_resnet_medium_prop_idx_6092_sidx_9349_eps_0.0039.vnnlib,100
TinyImageNet_resnet_medium.onnx,TinyImageNet_resnet_medium_prop_idx_2112_sidx_5986_eps_0.0039.vnnlib,100
TinyImageNet_resnet_medium.onnx,TinyImageNet_resnet_medium_prop_idx_2498_sidx_4451_eps_0.0039.vnnlib,100
TinyImageNet_resnet_medium.onnx,TinyImageNet_resnet_medium_prop_idx_7147_sidx_8094_eps_0.0039.vnnlib,100
TinyImageNet_resnet_medium.onnx,TinyImageNet_resnet_medium_prop_idx_4419_sidx_4147_eps_0.0039.vnnlib,100
TinyImageNet_resnet_medium.onnx,TinyImageNet_resnet_medium_prop_idx_3639_sidx_1515_eps_0.0039.vnnlib,100
TinyImageNet_resnet_medium.onnx,TinyImageNet_resnet_medium_prop_idx_74_sidx_1264_eps_0.0039.vnnlib,100
TinyImageNet_resnet_medium.onnx,TinyImageNet_resnet_medium_prop_idx_4986_sidx_1001_eps_0.0039.vnnlib,100
TinyImageNet_resnet_medium.onnx,TinyImageNet_resnet_medium_prop_idx_2647_sidx_2518_eps_0.0039.vnnlib,100
TinyImageNet_resnet_medium.onnx,TinyImageNet_resnet_medium_prop_idx_5032_sidx_7113_eps_0.0039.vnnlib,100
TinyImageNet_resnet_medium.onnx,TinyImageNet_resnet_medium_prop_idx_8170_sidx_3334_eps_0.0039.vnnlib,100
TinyImageNet_resnet_medium.onnx,TinyImageNet_resnet_medium_prop_idx_4109_sidx_3134_eps_0.0039.vnnlib,100
TinyImageNet_resnet_medium.onnx,TinyImageNet_resnet_medium_prop_idx_1667_sidx_5078_eps_0.0039.vnnlib,100
TinyImageNet_resnet_medium.onnx,TinyImageNet_resnet_medium_prop_idx_2475_sidx_523_eps_0.0039.vnnlib,100
TinyImageNet_resnet_medium.onnx,TinyImageNet_resnet_medium_prop_idx_4973_sidx_4404_eps_0.0039.vnnlib,100
TinyImageNet_resnet_medium.onnx,TinyImageNet_resnet_medium_prop_idx_5982_sidx_4177_eps_0.0039.vnnlib,100
TinyImageNet_resnet_medium.onnx,TinyImageNet_resnet_medium_prop_idx_5936_sidx_6513_eps_0.0039.vnnlib,100
TinyImageNet_resnet_medium.onnx,TinyImageNet_resnet_medium_prop_idx_706_sidx_1037_eps_0.0039.vnnlib,100
TinyImageNet_resnet_medium.onnx,TinyImageNet_resnet_medium_prop_idx_3711_sidx_7749_eps_0.0039.vnnlib,100
TinyImageNet_resnet_medium.onnx,TinyImageNet_resnet_medium_prop_idx_8060_sidx_5403_eps_0.0039.vnnlib,100
TinyImageNet_resnet_medium.onnx,TinyImageNet_resnet_medium_prop_idx_8403_sidx_9548_eps_0.0039.vnnlib,100
TinyImageNet_resnet_medium.onnx,TinyImageNet_resnet_medium_prop_idx_6877_sidx_5497_eps_0.0039.vnnlib,100
TinyImageNet_resnet_medium.onnx,TinyImageNet_resnet_medium_prop_idx_5057_sidx_3849_eps_0.0039.vnnlib,100
TinyImageNet_resnet_medium.onnx,TinyImageNet_resnet_medium_prop_idx_2772_sidx_3053_eps_0.0039.vnnlib,100
TinyImageNet_resnet_medium.onnx,TinyImageNet_resnet_medium_prop_idx_5185_sidx_142_eps_0.0039.vnnlib,100
TinyImageNet_resnet_medium.onnx,TinyImageNet_resnet_medium_prop_idx_4284_sidx_4364_eps_0.0039.vnnlib,100
TinyImageNet_resnet_medium.onnx,TinyImageNet_resnet_medium_prop_idx_3677_sidx_3123_eps_0.0039.vnnlib,100
TinyImageNet_resnet_medium.onnx,TinyImageNet_resnet_medium_prop_idx_2644_sidx_3470_eps_0.0039.vnnlib,100
TinyImageNet_resnet_medium.onnx,TinyImageNet_resnet_medium_prop_idx_6800_sidx_901_eps_0.0039.vnnlib,100
TinyImageNet_resnet_medium.onnx,TinyImageNet_resnet_medium_prop_idx_6564_sidx_5832_eps_0.0039.vnnlib,100
TinyImageNet_resnet_medium.onnx,TinyImageNet_resnet_medium_prop_idx_9584_sidx_3691_eps_0.0039.vnnlib,100
TinyImageNet_resnet_medium.onnx,TinyImageNet_resnet_medium_prop_idx_206_sidx_7043_eps_0.0039.vnnlib,100
TinyImageNet_resnet_medium.onnx,TinyImageNet_resnet_medium_prop_idx_5093_sidx_3590_eps_0.0039.vnnlib,100
TinyImageNet_resnet_medium.onnx,TinyImageNet_resnet_medium_prop_idx_4486_sidx_8828_eps_0.0039.vnnlib,100
TinyImageNet_resnet_medium.onnx,TinyImageNet_resnet_medium_prop_idx_2146_sidx_298_eps_0.0039.vnnlib,100
TinyImageNet_resnet_medium.onnx,TinyImageNet_resnet_medium_prop_idx_4513_sidx_5588_eps_0.0039.vnnlib,100
TinyImageNet_resnet_medium.onnx,TinyImageNet_resnet_medium_prop_idx_2594_sidx_7029_eps_0.0039.vnnlib,100
TinyImageNet_resnet_medium.onnx,TinyImageNet_resnet_medium_prop_idx_7489_sidx_2230_eps_0.0039.vnnlib,100
TinyImageNet_resnet_medium.onnx,TinyImageNet_resnet_medium_prop_idx_3852_sidx_2848_eps_0.0039.vnnlib,100
TinyImageNet_resnet_medium.onnx,TinyImageNet_resnet_medium_prop_idx_2448_sidx_6943_eps_0.0039.vnnlib,100
TinyImageNet_resnet_medium.onnx,TinyImageNet_resnet_medium_prop_idx_6843_sidx_3926_eps_0.0039.vnnlib,100
TinyImageNet_resnet_medium.onnx,TinyImageNet_resnet_medium_prop_idx_9340_sidx_2220_eps_0.0039.vnnlib,100
TinyImageNet_resnet_medium.onnx,TinyImageNet_resnet_medium_prop_idx_1806_sidx_3542_eps_0.0039.vnnlib,100
TinyImageNet_resnet_medium.onnx,TinyImageNet_resnet_medium_prop_idx_6669_sidx_51_eps_0.0039.vnnlib,100
TinyImageNet_resnet_medium.onnx,TinyImageNet_resnet_medium_prop_idx_9615_sidx_7862_eps_0.0039.vnnlib,100
TinyImageNet_resnet_medium.onnx,TinyImageNet_resnet_medium_prop_idx_7289_sidx_1507_eps_0.0039.vnnlib,100
TinyImageNet_resnet_medium.onnx,TinyImageNet_resnet_medium_prop_idx_62_sidx_313_eps_0.0039.vnnlib,100
TinyImageNet_resnet_medium.onnx,TinyImageNet_resnet_medium_prop_idx_6432_sidx_7615_eps_0.0039.vnnlib,100
TinyImageNet_resnet_medium.onnx,TinyImageNet_resnet_medium_prop_idx_7765_sidx_9488_eps_0.0039.vnnlib,100
TinyImageNet_resnet_medium.onnx,TinyImageNet_resnet_medium_prop_idx_3558_sidx_7280_eps_0.0039.vnnlib,100
TinyImageNet_resnet_medium.onnx,TinyImageNet_resnet_medium_prop_idx_1983_sidx_1459_eps_0.0039.vnnlib,100
TinyImageNet_resnet_medium.onnx,TinyImageNet_resnet_medium_prop_idx_4965_sidx_4788_eps_0.0039.vnnlib,100
TinyImageNet_resnet_medium.onnx,TinyImageNet_resnet_medium_prop_idx_4435_sidx_3452_eps_0.0039.vnnlib,100
TinyImageNet_resnet_medium.onnx,TinyImageNet_resnet_medium_prop_idx_476_sidx_7108_eps_0.0039.vnnlib,100
TinyImageNet_resnet_medium.onnx,TinyImageNet_resnet_medium_prop_idx_3324_sidx_1343_eps_0.0039.vnnlib,100
TinyImageNet_resnet_medium.onnx,TinyImageNet_resnet_medium_prop_idx_7151_sidx_9371_eps_0.0039.vnnlib,100
TinyImageNet_resnet_medium.onnx,TinyImageNet_resnet_medium_prop_idx_4531_sidx_5422_eps_0.0039.vnnlib,100
TinyImageNet_resnet_medium.onnx,TinyImageNet_resnet_medium_prop_idx_6901_sidx_2312_eps_0.0039.vnnlib,100
TinyImageNet_resnet_medium.onnx,TinyImageNet_resnet_medium_prop_idx_6861_sidx_9080_eps_0.0039.vnnlib,100
TinyImageNet_resnet_medium.onnx,TinyImageNet_resnet_medium_prop_idx_2948_sidx_4095_eps_0.0039.vnnlib,100
TinyImageNet_resnet_medium.onnx,TinyImageNet_resnet_medium_prop_idx_4750_sidx_1239_eps_0.0039.vnnlib,100
TinyImageNet_resnet_medium.onnx,TinyImageNet_resnet_medium_prop_idx_5235_sidx_4144_eps_0.0039.vnnlib,100
TinyImageNet_resnet_medium.onnx,TinyImageNet_resnet_medium_prop_idx_9840_sidx_3444_eps_0.0039.vnnlib,100
TinyImageNet_resnet_medium.onnx,TinyImageNet_resnet_medium_prop_idx_2686_sidx_7865_eps_0.0039.vnnlib,100
TinyImageNet_resnet_medium.onnx,TinyImageNet_resnet_medium_prop_idx_9483_sidx_7908_eps_0.0039.vnnlib,100
TinyImageNet_resnet_medium.onnx,TinyImageNet_resnet_medium_prop_idx_5767_sidx_3110_eps_0.0039.vnnlib,100
TinyImageNet_resnet_medium.onnx,TinyImageNet_resnet_medium_prop_idx_8629_sidx_338_eps_0.0039.vnnlib,100
TinyImageNet_resnet_medium.onnx,TinyImageNet_resnet_medium_prop_idx_1853_sidx_6533_eps_0.0039.vnnlib,100
TinyImageNet_resnet_medium.onnx,TinyImageNet_resnet_medium_prop_idx_49_sidx_97_eps_0.0039.vnnlib,100
TinyImageNet_resnet_medium.onnx,TinyImageNet_resnet_medium_prop_idx_2012_sidx_2419_eps_0.0039.vnnlib,100
TinyImageNet_resnet_medium.onnx,TinyImageNet_resnet_medium_prop_idx_9996_sidx_8873_eps_0.0039.vnnlib,100
TinyImageNet_resnet_medium.onnx,TinyImageNet_resnet_medium_prop_idx_4925_sidx_4702_eps_0.0039.vnnlib,100
TinyImageNet_resnet_medium.onnx,TinyImageNet_resnet_medium_prop_idx_2173_sidx_6543_eps_0.0039.vnnlib,100
TinyImageNet_resnet_medium.onnx,TinyImageNet_resnet_medium_prop_idx_9232_sidx_2922_eps_0.0039.vnnlib,100
TinyImageNet_resnet_medium.onnx,TinyImageNet_resnet_medium_prop_idx_938_sidx_3190_eps_0.0039.vnnlib,100
TinyImageNet_resnet_medium.onnx,TinyImageNet_resnet_medium_prop_idx_288_sidx_5531_eps_0.0039.vnnlib,100
TinyImageNet_resnet_medium.onnx,TinyImageNet_resnet_medium_prop_idx_5709_sidx_6204_eps_0.0039.vnnlib,100
TinyImageNet_resnet_medium.onnx,TinyImageNet_resnet_medium_prop_idx_4726_sidx_5177_eps_0.0039.vnnlib,100
TinyImageNet_resnet_medium.onnx,TinyImageNet_resnet_medium_prop_idx_7063_sidx_9205_eps_0.0039.vnnlib,100
TinyImageNet_resnet_medium.onnx,TinyImageNet_resnet_medium_prop_idx_5759_sidx_3074_eps_0.0039.vnnlib,100
TinyImageNet_resnet_medium.onnx,TinyImageNet_resnet_medium_prop_idx_8796_sidx_3362_eps_0.0039.vnnlib,100
TinyImageNet_resnet_medium.onnx,TinyImageNet_resnet_medium_prop_idx_5339_sidx_9521_eps_0.0039.vnnlib,100
TinyImageNet_resnet_medium.onnx,TinyImageNet_resnet_medium_prop_idx_7064_sidx_7634_eps_0.0039.vnnlib,100
TinyImageNet_resnet_medium.onnx,TinyImageNet_resnet_medium_prop_idx_6461_sidx_2771_eps_0.0039.vnnlib,100
TinyImageNet_resnet_medium.onnx,TinyImageNet_resnet_medium_prop_idx_4867_sidx_5259_eps_0.0039.vnnlib,100
TinyImageNet_resnet_medium.onnx,TinyImageNet_resnet_medium_prop_idx_978_sidx_9062_eps_0.0039.vnnlib,100
TinyImageNet_resnet_medium.onnx,TinyImageNet_resnet_medium_prop_idx_4144_sidx_1439_eps_0.0039.vnnlib,100
TinyImageNet_resnet_medium.onnx,TinyImageNet_resnet_medium_prop_idx_4361_sidx_106_eps_0.0039.vnnlib,100
TinyImageNet_resnet_medium.onnx,TinyImageNet_resnet_medium_prop_idx_518_sidx_9236_eps_0.0039.vnnlib,100
TinyImageNet_resnet_medium.onnx,TinyImageNet_resnet_medium_prop_idx_6879_sidx_8748_eps_0.0039.vnnlib,100
TinyImageNet_resnet_medium.onnx,TinyImageNet_resnet_medium_prop_idx_4463_sidx_4146_eps_0.0039.vnnlib,100
TinyImageNet_resnet_medium.onnx,TinyImageNet_resnet_medium_prop_idx_4880_sidx_5810_eps_0.0039.vnnlib,100
TinyImageNet_resnet_medium.onnx,TinyImageNet_resnet_medium_prop_idx_4477_sidx_4081_eps_0.0039.vnnlib,100
TinyImageNet_resnet_medium.onnx,TinyImageNet_resnet_medium_prop_idx_1247_sidx_5409_eps_0.0039.vnnlib,100
TinyImageNet_resnet_medium.onnx,TinyImageNet_resnet_medium_prop_idx_4718_sidx_1848_eps_0.0039.vnnlib,100
TinyImageNet_resnet_medium.onnx,TinyImageNet_resnet_medium_prop_idx_8245_sidx_4991_eps_0.0039.vnnlib,100
TinyImageNet_resnet_medium.onnx,TinyImageNet_resnet_medium_prop_idx_3767_sidx_7124_eps_0.0039.vnnlib,100
TinyImageNet_resnet_medium.onnx,TinyImageNet_resnet_medium_prop_idx_4004_sidx_9594_eps_0.0039.vnnlib,100
TinyImageNet_resnet_medium.onnx,TinyImageNet_resnet_medium_prop_idx_2111_sidx_6289_eps_0.0039.vnnlib,100
TinyImageNet_resnet_medium.onnx,TinyImageNet_resnet_medium_prop_idx_3076_sidx_7376_eps_0.0039.vnnlib,100
TinyImageNet_resnet_medium.onnx,TinyImageNet_resnet_medium_prop_idx_8976_sidx_9052_eps_0.0039.vnnlib,100
TinyImageNet_resnet_medium.onnx,TinyImageNet_resnet_medium_prop_idx_939_sidx_5683_eps_0.0039.vnnlib,100
TinyImageNet_resnet_medium.onnx,TinyImageNet_resnet_medium_prop_idx_3098_sidx_9528_eps_0.0039.vnnlib,100
TinyImageNet_resnet_medium.onnx,TinyImageNet_resnet_medium_prop_idx_6353_sidx_6853_eps_0.0039.vnnlib,100
TinyImageNet_resnet_medium.onnx,TinyImageNet_resnet_medium_prop_idx_4087_sidx_6984_eps_0.0039.vnnlib,100
TinyImageNet_resnet_medium.onnx,TinyImageNet_resnet_medium_prop_idx_3839_sidx_962_eps_0.0039.vnnlib,100
TinyImageNet_resnet_medium.onnx,TinyImageNet_resnet_medium_prop_idx_9259_sidx_2193_eps_0.0039.vnnlib,100
TinyImageNet_resnet_medium.onnx,TinyImageNet_resnet_medium_prop_idx_4900_sidx_382_eps_0.0039.vnnlib,100
TinyImageNet_resnet_medium.onnx,TinyImageNet_resnet_medium_prop_idx_105_sidx_7898_eps_0.0039.vnnlib,100
TinyImageNet_resnet_medium.onnx,TinyImageNet_resnet_medium_prop_idx_1718_sidx_4924_eps_0.0039.vnnlib,100
TinyImageNet_resnet_medium.onnx,TinyImageNet_resnet_medium_prop_idx_6311_sidx_8892_eps_0.0039.vnnlib,100
TinyImageNet_resnet_medium.onnx,TinyImageNet_resnet_medium_prop_idx_5962_sidx_8128_eps_0.0039.vnnlib,100
TinyImageNet_resnet_medium.onnx,TinyImageNet_resnet_medium_prop_idx_3486_sidx_9793_eps_0.0039.vnnlib,100
TinyImageNet_resnet_medium.onnx,TinyImageNet_resnet_medium_prop_idx_8444_sidx_2478_eps_0.0039.vnnlib,100
TinyImageNet_resnet_medium.onnx,TinyImageNet_resnet_medium_prop_idx_336_sidx_2254_eps_0.0039.vnnlib,100
TinyImageNet_resnet_medium.onnx,TinyImageNet_resnet_medium_prop_idx_8343_sidx_2454_eps_0.0039.vnnlib,100
TinyImageNet_resnet_medium.onnx,TinyImageNet_resnet_medium_prop_idx_9157_sidx_3939_eps_0.0039.vnnlib,100
TinyImageNet_resnet_medium.onnx,TinyImageNet_resnet_medium_prop_idx_5386_sidx_9410_eps_0.0039.vnnlib,100
TinyImageNet_resnet_medium.onnx,TinyImageNet_resnet_medium_prop_idx_1333_sidx_7700_eps_0.0039.vnnlib,100
TinyImageNet_resnet_medium.onnx,TinyImageNet_resnet_medium_prop_idx_1311_sidx_7237_eps_0.0039.vnnlib,100
TinyImageNet_resnet_medium.onnx,TinyImageNet_resnet_medium_prop_idx_9229_sidx_7670_eps_0.0039.vnnlib,100
TinyImageNet_resnet_medium.onnx,TinyImageNet_resnet_medium_prop_idx_1126_sidx_4974_eps_0.0039.vnnlib,100
TinyImageNet_resnet_medium.onnx,TinyImageNet_resnet_medium_prop_idx_3072_sidx_3250_eps_0.0039.vnnlib,100
TinyImageNet_resnet_medium.onnx,TinyImageNet_resnet_medium_prop_idx_6569_sidx_5110_eps_0.0039.vnnlib,100
TinyImageNet_resnet_medium.onnx,TinyImageNet_resnet_medium_prop_idx_1063_sidx_7948_eps_0.0039.vnnlib,100
TinyImageNet_resnet_medium.onnx,TinyImageNet_resnet_medium_prop_idx_4545_sidx_6688_eps_0.0039.vnnlib,100
TinyImageNet_resnet_medium.onnx,TinyImageNet_resnet_medium_prop_idx_3071_sidx_474_eps_0.0039.vnnlib,100
TinyImageNet_resnet_medium.onnx,TinyImageNet_resnet_medium_prop_idx_9477_sidx_9037_eps_0.0039.vnnlib,100
TinyImageNet_resnet_medium.onnx,TinyImageNet_resnet_medium_prop_idx_977_sidx_1229_eps_0.0039.vnnlib,100
TinyImageNet_resnet_medium.onnx,TinyImageNet_resnet_medium_prop_idx_2862_sidx_7818_eps_0.0039.vnnlib,100
TinyImageNet_resnet_medium.onnx,TinyImageNet_resnet_medium_prop_idx_5591_sidx_6464_eps_0.0039.vnnlib,100
TinyImageNet_resnet_medium.onnx,TinyImageNet_resnet_medium_prop_idx_5614_sidx_9355_eps_0.0039.vnnlib,100
TinyImageNet_resnet_medium.onnx,TinyImageNet_resnet_medium_prop_idx_1072_sidx_1954_eps_0.0039.vnnlib,100
TinyImageNet_resnet_medium.onnx,TinyImageNet_resnet_medium_prop_idx_5642_sidx_4072_eps_0.0039.vnnlib,100
TinyImageNet_resnet_medium.onnx,TinyImageNet_resnet_medium_prop_idx_516_sidx_8466_eps_0.0039.vnnlib,100
TinyImageNet_resnet_medium.onnx,TinyImageNet_resnet_medium_prop_idx_5382_sidx_4518_eps_0.0039.vnnlib,100
TinyImageNet_resnet_medium.onnx,TinyImageNet_resnet_medium_prop_idx_4225_sidx_3038_eps_0.0039.vnnlib,100
TinyImageNet_resnet_medium.onnx,TinyImageNet_resnet_medium_prop_idx_9820_sidx_88_eps_0.0039.vnnlib,100
TinyImageNet_resnet_medium.onnx,TinyImageNet_resnet_medium_prop_idx_4260_sidx_5004_eps_0.0039.vnnlib,100
TinyImageNet_resnet_medium.onnx,TinyImageNet_resnet_medium_prop_idx_1113_sidx_7539_eps_0.0039.vnnlib,100
TinyImageNet_resnet_medium.onnx,TinyImageNet_resnet_medium_prop_idx_4760_sidx_4651_eps_0.0039.vnnlib,100
TinyImageNet_resnet_medium.onnx,TinyImageNet_resnet_medium_prop_idx_6330_sidx_9906_eps_0.0039.vnnlib,100
TinyImageNet_resnet_medium.onnx,TinyImageNet_resnet_medium_prop_idx_1093_sidx_4490_eps_0.0039.vnnlib,100
TinyImageNet_resnet_medium.onnx,TinyImageNet_resnet_medium_prop_idx_5708_sidx_4222_eps_0.0039.vnnlib,100
TinyImageNet_resnet_medium.onnx,TinyImageNet_resnet_medium_prop_idx_6957_sidx_1178_eps_0.0039.vnnlib,100
TinyImageNet_resnet_medium.onnx,TinyImageNet_resnet_medium_prop_idx_2483_sidx_173_eps_0.0039.vnnlib,100
TinyImageNet_resnet_medium.onnx,TinyImageNet_resnet_medium_prop_idx_7709_sidx_8188_eps_0.0039.vnnlib,100
TinyImageNet_resnet_medium.onnx,TinyImageNet_resnet_medium_prop_idx_8667_sidx_4981_eps_0.0039.vnnlib,100
TinyImageNet_resnet_medium.onnx,TinyImageNet_resnet_medium_prop_idx_4017_sidx_2877_eps_0.0039.vnnlib,100
TinyImageNet_resnet_medium.onnx,TinyImageNet_resnet_medium_prop_idx_2820_sidx_1334_eps_0.0039.vnnlib,100
TinyImageNet_resnet_medium.onnx,TinyImageNet_resnet_medium_prop_idx_5116_sidx_6421_eps_0.0039.vnnlib,100
TinyImageNet_resnet_medium.onnx,TinyImageNet_resnet_medium_prop_idx_484_sidx_161_eps_0.0039.vnnlib,100
TinyImageNet_resnet_medium.onnx,TinyImageNet_resnet_medium_prop_idx_1812_sidx_7967_eps_0.0039.vnnlib,100
TinyImageNet_resnet_medium.onnx,TinyImageNet_resnet_medium_prop_idx_2678_sidx_799_eps_0.0039.vnnlib,100
TinyImageNet_resnet_medium.onnx,TinyImageNet_resnet_medium_prop_idx_259_sidx_1412_eps_0.0039.vnnlib,100
TinyImageNet_resnet_medium.onnx,TinyImageNet_resnet_medium_prop_idx_7834_sidx_9391_eps_0.0039.vnnlib,100
TinyImageNet_resnet_medium.onnx,TinyImageNet_resnet_medium_prop_idx_8698_sidx_4012_eps_0.0039.vnnlib,100
TinyImageNet_resnet_medium.onnx,TinyImageNet_resnet_medium_prop_idx_3938_sidx_8975_eps_0.0039.vnnlib,100
TinyImageNet_resnet_medium.onnx,TinyImageNet_resnet_medium_prop_idx_4660_sidx_6122_eps_0.0039.vnnlib,100
TinyImageNet_resnet_medium.onnx,TinyImageNet_resnet_medium_prop_idx_4277_sidx_7403_eps_0.0039.vnnlib,100
TinyImageNet_resnet_medium.onnx,TinyImageNet_resnet_medium_prop_idx_1024_sidx_5112_eps_0.0039.vnnlib,100
TinyImageNet_resnet_medium.onnx,TinyImageNet_resnet_medium_prop_idx_7318_sidx_1829_eps_0.0039.vnnlib,100
TinyImageNet_resnet_medium.onnx,TinyImageNet_resnet_medium_prop_idx_6755_sidx_2653_eps_0.0039.vnnlib,100
TinyImageNet_resnet_medium.onnx,TinyImageNet_resnet_medium_prop_idx_8057_sidx_8798_eps_0.0039.vnnlib,100
TinyImageNet_resnet_medium.onnx,TinyImageNet_resnet_medium_prop_idx_4024_sidx_4810_eps_0.0039.vnnlib,100
TinyImageNet_resnet_medium.onnx,TinyImageNet_resnet_medium_prop_idx_2712_sidx_2558_eps_0.0039.vnnlib,100
TinyImageNet_resnet_medium.onnx,TinyImageNet_resnet_medium_prop_idx_670_sidx_7171_eps_0.0039.vnnlib,100
TinyImageNet_resnet_medium.onnx,TinyImageNet_resnet_medium_prop_idx_4588_sidx_1076_eps_0.0039.vnnlib,100
TinyImageNet_resnet_medium.onnx,TinyImageNet_resnet_medium_prop_idx_6958_sidx_1414_eps_0.0039.vnnlib,100
TinyImageNet_resnet_medium.onnx,TinyImageNet_resnet_medium_prop_idx_1620_sidx_5873_eps_0.0039.vnnlib,100
