onnx/pgd_2_3_16.onnx,vnnlib/pgd_2_3_16_3499.vnnlib,100
onnx/pgd_2_3_16.onnx,vnnlib/pgd_2_3_16_1203.vnnlib,100
onnx/pgd_2_3_16.onnx,vnnlib/pgd_2_3_16_4493.vnnlib,100
onnx/pgd_2_3_16.onnx,vnnlib/pgd_2_3_16_1758.vnnlib,100
onnx/pgd_2_3_16.onnx,vnnlib/pgd_2_3_16_138.vnnlib,100
onnx/pgd_2_3_16.onnx,vnnlib/pgd_2_3_16_1444.vnnlib,100
onnx/pgd_2_3_16.onnx,vnnlib/pgd_2_3_16_6769.vnnlib,100
onnx/pgd_2_3_16.onnx,vnnlib/pgd_2_3_16_5658.vnnlib,100
onnx/pgd_2_3_16.onnx,vnnlib/pgd_2_3_16_1877.vnnlib,100
onnx/pgd_2_3_16.onnx,vnnlib/pgd_2_3_16_6884.vnnlib,100
onnx/pgd_2_3_16.onnx,vnnlib/pgd_2_3_16_2175.vnnlib,100
onnx/pgd_2_3_16.onnx,vnnlib/pgd_2_3_16_9504.vnnlib,100
onnx/pgd_2_3_16.onnx,vnnlib/pgd_2_3_16_7146.vnnlib,100
onnx/pgd_2_3_16.onnx,vnnlib/pgd_2_3_16_8858.vnnlib,100
onnx/pgd_2_3_16.onnx,vnnlib/pgd_2_3_16_4208.vnnlib,100
onnx/pgd_2_3_16.onnx,vnnlib/pgd_2_3_16_6140.vnnlib,100
onnx/pgd_2_3_16.onnx,vnnlib/pgd_2_3_16_3652.vnnlib,100
onnx/pgd_2_3_16.onnx,vnnlib/pgd_2_3_16_146.vnnlib,100
onnx/pgd_2_3_16.onnx,vnnlib/pgd_2_3_16_3277.vnnlib,100
onnx/pgd_2_3_16.onnx,vnnlib/pgd_2_3_16_8718.vnnlib,100
onnx/pgd_2_3_16.onnx,vnnlib/pgd_2_3_16_8265.vnnlib,100
onnx/pgd_2_3_16.onnx,vnnlib/pgd_2_3_16_9711.vnnlib,100
onnx/pgd_2_3_16.onnx,vnnlib/pgd_2_3_16_8950.vnnlib,100
onnx/pgd_2_3_16.onnx,vnnlib/pgd_2_3_16_6810.vnnlib,100
onnx/pgd_2_3_16.onnx,vnnlib/pgd_2_3_16_5381.vnnlib,100
onnx/pgd_2_3_16.onnx,vnnlib/pgd_2_3_16_6409.vnnlib,100
onnx/pgd_2_3_16.onnx,vnnlib/pgd_2_3_16_7677.vnnlib,100
onnx/pgd_2_3_16.onnx,vnnlib/pgd_2_3_16_3950.vnnlib,100
onnx/pgd_2_3_16.onnx,vnnlib/pgd_2_3_16_7167.vnnlib,100
onnx/pgd_2_3_16.onnx,vnnlib/pgd_2_3_16_6654.vnnlib,100
onnx/pgd_2_3_16.onnx,vnnlib/pgd_2_3_16_3718.vnnlib,100
onnx/pgd_2_3_16.onnx,vnnlib/pgd_2_3_16_1191.vnnlib,100
onnx/pgd_2_3_16.onnx,vnnlib/pgd_2_3_16_6508.vnnlib,100
onnx/pgd_2_3_16.onnx,vnnlib/pgd_2_3_16_4780.vnnlib,100
onnx/pgd_2_3_16.onnx,vnnlib/pgd_2_3_16_5907.vnnlib,100
onnx/pgd_2_3_16.onnx,vnnlib/pgd_2_3_16_289.vnnlib,100
onnx/pgd_2_3_16.onnx,vnnlib/pgd_2_3_16_6532.vnnlib,100
onnx/pgd_2_3_16.onnx,vnnlib/pgd_2_3_16_8206.vnnlib,100
onnx/pgd_2_3_16.onnx,vnnlib/pgd_2_3_16_4944.vnnlib,100
onnx/pgd_2_3_16.onnx,vnnlib/pgd_2_3_16_9271.vnnlib,100
onnx/pgd_2_3_16.onnx,vnnlib/pgd_2_3_16_1086.vnnlib,100
onnx/pgd_2_3_16.onnx,vnnlib/pgd_2_3_16_5735.vnnlib,100
onnx/pgd_2_3_16.onnx,vnnlib/pgd_2_3_16_5286.vnnlib,100
onnx/pgd_2_3_16.onnx,vnnlib/pgd_2_3_16_3934.vnnlib,100
onnx/pgd_2_3_16.onnx,vnnlib/pgd_2_3_16_2289.vnnlib,100
onnx/pgd_2_3_16.onnx,vnnlib/pgd_2_3_16_5363.vnnlib,100
onnx/pgd_2_3_16.onnx,vnnlib/pgd_2_3_16_8750.vnnlib,100
onnx/pgd_2_3_16.onnx,vnnlib/pgd_2_3_16_1496.vnnlib,100
onnx/pgd_2_3_16.onnx,vnnlib/pgd_2_3_16_7294.vnnlib,100
onnx/pgd_2_3_16.onnx,vnnlib/pgd_2_3_16_1059.vnnlib,100
onnx/pgd_2_3_16.onnx,vnnlib/pgd_2_3_16_952.vnnlib,100
onnx/pgd_2_3_16.onnx,vnnlib/pgd_2_3_16_6590.vnnlib,100
onnx/pgd_2_3_16.onnx,vnnlib/pgd_2_3_16_9768.vnnlib,100
onnx/pgd_2_3_16.onnx,vnnlib/pgd_2_3_16_6300.vnnlib,100
onnx/pgd_2_3_16.onnx,vnnlib/pgd_2_3_16_7812.vnnlib,100
onnx/pgd_2_3_16.onnx,vnnlib/pgd_2_3_16_1048.vnnlib,100
onnx/pgd_2_3_16.onnx,vnnlib/pgd_2_3_16_5403.vnnlib,100
onnx/pgd_2_3_16.onnx,vnnlib/pgd_2_3_16_3286.vnnlib,100
onnx/pgd_2_3_16.onnx,vnnlib/pgd_2_3_16_2060.vnnlib,100
onnx/pgd_2_3_16.onnx,vnnlib/pgd_2_3_16_5990.vnnlib,100
onnx/pgd_2_3_16.onnx,vnnlib/pgd_2_3_16_8984.vnnlib,100
onnx/pgd_2_3_16.onnx,vnnlib/pgd_2_3_16_9785.vnnlib,100
onnx/pgd_2_3_16.onnx,vnnlib/pgd_2_3_16_7248.vnnlib,100
onnx/pgd_2_3_16.onnx,vnnlib/pgd_2_3_16_4978.vnnlib,100
onnx/pgd_2_3_16.onnx,vnnlib/pgd_2_3_16_4717.vnnlib,100
onnx/pgd_2_3_16.onnx,vnnlib/pgd_2_3_16_8070.vnnlib,100
onnx/pgd_2_3_16.onnx,vnnlib/pgd_2_3_16_3486.vnnlib,100
onnx/pgd_2_3_16.onnx,vnnlib/pgd_2_3_16_6524.vnnlib,100
onnx/pgd_2_3_16.onnx,vnnlib/pgd_2_3_16_7288.vnnlib,100
onnx/pgd_2_3_16.onnx,vnnlib/pgd_2_3_16_909.vnnlib,100
onnx/pgd_2_3_16.onnx,vnnlib/pgd_2_3_16_6082.vnnlib,100
onnx/pgd_2_3_16.onnx,vnnlib/pgd_2_3_16_5209.vnnlib,100
onnx/pgd_2_3_16.onnx,vnnlib/pgd_2_3_16_6875.vnnlib,100
onnx/pgd_2_3_16.onnx,vnnlib/pgd_2_3_16_7610.vnnlib,100
onnx/pgd_2_3_16.onnx,vnnlib/pgd_2_3_16_5132.vnnlib,100
onnx/pgd_2_3_16.onnx,vnnlib/pgd_2_3_16_9626.vnnlib,100
onnx/pgd_2_3_16.onnx,vnnlib/pgd_2_3_16_2743.vnnlib,100
onnx/pgd_2_3_16.onnx,vnnlib/pgd_2_3_16_3500.vnnlib,100
onnx/pgd_2_3_16.onnx,vnnlib/pgd_2_3_16_8638.vnnlib,100
onnx/pgd_2_3_16.onnx,vnnlib/pgd_2_3_16_994.vnnlib,100
onnx/pgd_2_3_16.onnx,vnnlib/pgd_2_3_16_4412.vnnlib,100
onnx/pgd_2_3_16.onnx,vnnlib/pgd_2_3_16_4444.vnnlib,100
onnx/pgd_2_3_16.onnx,vnnlib/pgd_2_3_16_244.vnnlib,100
onnx/pgd_2_3_16.onnx,vnnlib/pgd_2_3_16_5291.vnnlib,100
onnx/pgd_2_3_16.onnx,vnnlib/pgd_2_3_16_4047.vnnlib,100
onnx/pgd_2_3_16.onnx,vnnlib/pgd_2_3_16_663.vnnlib,100
onnx/pgd_2_3_16.onnx,vnnlib/pgd_2_3_16_4243.vnnlib,100
onnx/pgd_2_3_16.onnx,vnnlib/pgd_2_3_16_6411.vnnlib,100
onnx/pgd_2_3_16.onnx,vnnlib/pgd_2_3_16_8251.vnnlib,100
onnx/pgd_2_3_16.onnx,vnnlib/pgd_2_3_16_9042.vnnlib,100
onnx/pgd_2_3_16.onnx,vnnlib/pgd_2_3_16_8834.vnnlib,100
onnx/pgd_2_3_16.onnx,vnnlib/pgd_2_3_16_4060.vnnlib,100
onnx/pgd_2_3_16.onnx,vnnlib/pgd_2_3_16_5258.vnnlib,100
onnx/pgd_2_3_16.onnx,vnnlib/pgd_2_3_16_8895.vnnlib,100
onnx/pgd_2_3_16.onnx,vnnlib/pgd_2_3_16_7196.vnnlib,100
onnx/pgd_2_3_16.onnx,vnnlib/pgd_2_3_16_4460.vnnlib,100
onnx/pgd_2_3_16.onnx,vnnlib/pgd_2_3_16_8974.vnnlib,100
onnx/pgd_2_3_16.onnx,vnnlib/pgd_2_3_16_3359.vnnlib,100
onnx/pgd_2_3_16.onnx,vnnlib/pgd_2_3_16_7973.vnnlib,100
onnx/pgd_2_3_16.onnx,vnnlib/pgd_2_3_16_2265.vnnlib,100
onnx/ibp_3_3_8.onnx,vnnlib/ibp_3_3_8_453.vnnlib,100
onnx/ibp_3_3_8.onnx,vnnlib/ibp_3_3_8_7848.vnnlib,100
onnx/ibp_3_3_8.onnx,vnnlib/ibp_3_3_8_8918.vnnlib,100
onnx/ibp_3_3_8.onnx,vnnlib/ibp_3_3_8_7986.vnnlib,100
onnx/ibp_3_3_8.onnx,vnnlib/ibp_3_3_8_7011.vnnlib,100
onnx/ibp_3_3_8.onnx,vnnlib/ibp_3_3_8_3692.vnnlib,100
onnx/ibp_3_3_8.onnx,vnnlib/ibp_3_3_8_477.vnnlib,100
onnx/ibp_3_3_8.onnx,vnnlib/ibp_3_3_8_778.vnnlib,100
onnx/ibp_3_3_8.onnx,vnnlib/ibp_3_3_8_7305.vnnlib,100
onnx/ibp_3_3_8.onnx,vnnlib/ibp_3_3_8_8728.vnnlib,100
onnx/ibp_3_3_8.onnx,vnnlib/ibp_3_3_8_2351.vnnlib,100
onnx/ibp_3_3_8.onnx,vnnlib/ibp_3_3_8_4974.vnnlib,100
onnx/ibp_3_3_8.onnx,vnnlib/ibp_3_3_8_1747.vnnlib,100
onnx/ibp_3_3_8.onnx,vnnlib/ibp_3_3_8_9708.vnnlib,100
onnx/ibp_3_3_8.onnx,vnnlib/ibp_3_3_8_5325.vnnlib,100
onnx/ibp_3_3_8.onnx,vnnlib/ibp_3_3_8_9062.vnnlib,100
onnx/ibp_3_3_8.onnx,vnnlib/ibp_3_3_8_9191.vnnlib,100
onnx/ibp_3_3_8.onnx,vnnlib/ibp_3_3_8_8386.vnnlib,100
onnx/ibp_3_3_8.onnx,vnnlib/ibp_3_3_8_996.vnnlib,100
onnx/ibp_3_3_8.onnx,vnnlib/ibp_3_3_8_18.vnnlib,100
onnx/ibp_3_3_8.onnx,vnnlib/ibp_3_3_8_4603.vnnlib,100
onnx/ibp_3_3_8.onnx,vnnlib/ibp_3_3_8_8354.vnnlib,100
onnx/ibp_3_3_8.onnx,vnnlib/ibp_3_3_8_460.vnnlib,100
onnx/ibp_3_3_8.onnx,vnnlib/ibp_3_3_8_4640.vnnlib,100
onnx/ibp_3_3_8.onnx,vnnlib/ibp_3_3_8_5535.vnnlib,100
onnx/ibp_3_3_8.onnx,vnnlib/ibp_3_3_8_7364.vnnlib,100
onnx/ibp_3_3_8.onnx,vnnlib/ibp_3_3_8_9059.vnnlib,100
onnx/ibp_3_3_8.onnx,vnnlib/ibp_3_3_8_1454.vnnlib,100
onnx/ibp_3_3_8.onnx,vnnlib/ibp_3_3_8_48.vnnlib,100
onnx/ibp_3_3_8.onnx,vnnlib/ibp_3_3_8_8451.vnnlib,100
onnx/ibp_3_3_8.onnx,vnnlib/ibp_3_3_8_4861.vnnlib,100
onnx/ibp_3_3_8.onnx,vnnlib/ibp_3_3_8_6943.vnnlib,100
onnx/ibp_3_3_8.onnx,vnnlib/ibp_3_3_8_221.vnnlib,100
onnx/ibp_3_3_8.onnx,vnnlib/ibp_3_3_8_2620.vnnlib,100
onnx/ibp_3_3_8.onnx,vnnlib/ibp_3_3_8_8591.vnnlib,100
onnx/ibp_3_3_8.onnx,vnnlib/ibp_3_3_8_9687.vnnlib,100
onnx/ibp_3_3_8.onnx,vnnlib/ibp_3_3_8_8025.vnnlib,100
onnx/ibp_3_3_8.onnx,vnnlib/ibp_3_3_8_4297.vnnlib,100
onnx/ibp_3_3_8.onnx,vnnlib/ibp_3_3_8_746.vnnlib,100
onnx/ibp_3_3_8.onnx,vnnlib/ibp_3_3_8_1028.vnnlib,100
onnx/ibp_3_3_8.onnx,vnnlib/ibp_3_3_8_2818.vnnlib,100
onnx/ibp_3_3_8.onnx,vnnlib/ibp_3_3_8_6401.vnnlib,100
onnx/ibp_3_3_8.onnx,vnnlib/ibp_3_3_8_4879.vnnlib,100
onnx/ibp_3_3_8.onnx,vnnlib/ibp_3_3_8_7476.vnnlib,100
onnx/ibp_3_3_8.onnx,vnnlib/ibp_3_3_8_6547.vnnlib,100
onnx/ibp_3_3_8.onnx,vnnlib/ibp_3_3_8_5121.vnnlib,100
onnx/ibp_3_3_8.onnx,vnnlib/ibp_3_3_8_8792.vnnlib,100
onnx/ibp_3_3_8.onnx,vnnlib/ibp_3_3_8_6096.vnnlib,100
onnx/ibp_3_3_8.onnx,vnnlib/ibp_3_3_8_4997.vnnlib,100
onnx/ibp_3_3_8.onnx,vnnlib/ibp_3_3_8_5505.vnnlib,100
onnx/ibp_3_3_8.onnx,vnnlib/ibp_3_3_8_1266.vnnlib,100
onnx/ibp_3_3_8.onnx,vnnlib/ibp_3_3_8_3493.vnnlib,100
onnx/ibp_3_3_8.onnx,vnnlib/ibp_3_3_8_3105.vnnlib,100
onnx/ibp_3_3_8.onnx,vnnlib/ibp_3_3_8_4775.vnnlib,100
onnx/ibp_3_3_8.onnx,vnnlib/ibp_3_3_8_6722.vnnlib,100
onnx/ibp_3_3_8.onnx,vnnlib/ibp_3_3_8_2383.vnnlib,100
onnx/ibp_3_3_8.onnx,vnnlib/ibp_3_3_8_3797.vnnlib,100
onnx/ibp_3_3_8.onnx,vnnlib/ibp_3_3_8_6461.vnnlib,100
onnx/ibp_3_3_8.onnx,vnnlib/ibp_3_3_8_8783.vnnlib,100
onnx/ibp_3_3_8.onnx,vnnlib/ibp_3_3_8_9794.vnnlib,100
onnx/ibp_3_3_8.onnx,vnnlib/ibp_3_3_8_1656.vnnlib,100
onnx/ibp_3_3_8.onnx,vnnlib/ibp_3_3_8_3613.vnnlib,100
onnx/ibp_3_3_8.onnx,vnnlib/ibp_3_3_8_1367.vnnlib,100
onnx/ibp_3_3_8.onnx,vnnlib/ibp_3_3_8_9175.vnnlib,100
onnx/ibp_3_3_8.onnx,vnnlib/ibp_3_3_8_3031.vnnlib,100
onnx/ibp_3_3_8.onnx,vnnlib/ibp_3_3_8_9360.vnnlib,100
onnx/ibp_3_3_8.onnx,vnnlib/ibp_3_3_8_119.vnnlib,100
onnx/ibp_3_3_8.onnx,vnnlib/ibp_3_3_8_4114.vnnlib,100
onnx/ibp_3_3_8.onnx,vnnlib/ibp_3_3_8_7227.vnnlib,100
onnx/ibp_3_3_8.onnx,vnnlib/ibp_3_3_8_971.vnnlib,100
onnx/ibp_3_3_8.onnx,vnnlib/ibp_3_3_8_9556.vnnlib,100
onnx/ibp_3_3_8.onnx,vnnlib/ibp_3_3_8_8694.vnnlib,100
onnx/ibp_3_3_8.onnx,vnnlib/ibp_3_3_8_5627.vnnlib,100
onnx/ibp_3_3_8.onnx,vnnlib/ibp_3_3_8_6902.vnnlib,100
onnx/ibp_3_3_8.onnx,vnnlib/ibp_3_3_8_2675.vnnlib,100
onnx/ibp_3_3_8.onnx,vnnlib/ibp_3_3_8_6300.vnnlib,100
onnx/ibp_3_3_8.onnx,vnnlib/ibp_3_3_8_8748.vnnlib,100
onnx/ibp_3_3_8.onnx,vnnlib/ibp_3_3_8_4957.vnnlib,100
onnx/ibp_3_3_8.onnx,vnnlib/ibp_3_3_8_9344.vnnlib,100
onnx/ibp_3_3_8.onnx,vnnlib/ibp_3_3_8_5753.vnnlib,100
onnx/ibp_3_3_8.onnx,vnnlib/ibp_3_3_8_5757.vnnlib,100
onnx/ibp_3_3_8.onnx,vnnlib/ibp_3_3_8_4625.vnnlib,100
onnx/ibp_3_3_8.onnx,vnnlib/ibp_3_3_8_9635.vnnlib,100
onnx/ibp_3_3_8.onnx,vnnlib/ibp_3_3_8_6239.vnnlib,100
onnx/ibp_3_3_8.onnx,vnnlib/ibp_3_3_8_7157.vnnlib,100
onnx/ibp_3_3_8.onnx,vnnlib/ibp_3_3_8_1973.vnnlib,100
onnx/ibp_3_3_8.onnx,vnnlib/ibp_3_3_8_8689.vnnlib,100
onnx/ibp_3_3_8.onnx,vnnlib/ibp_3_3_8_6948.vnnlib,100
onnx/ibp_3_3_8.onnx,vnnlib/ibp_3_3_8_6056.vnnlib,100
onnx/ibp_3_3_8.onnx,vnnlib/ibp_3_3_8_7132.vnnlib,100
onnx/ibp_3_3_8.onnx,vnnlib/ibp_3_3_8_7689.vnnlib,100
onnx/ibp_3_3_8.onnx,vnnlib/ibp_3_3_8_8832.vnnlib,100
onnx/ibp_3_3_8.onnx,vnnlib/ibp_3_3_8_9010.vnnlib,100
onnx/ibp_3_3_8.onnx,vnnlib/ibp_3_3_8_4553.vnnlib,100
onnx/ibp_3_3_8.onnx,vnnlib/ibp_3_3_8_3193.vnnlib,100
onnx/ibp_3_3_8.onnx,vnnlib/ibp_3_3_8_5251.vnnlib,100
onnx/ibp_3_3_8.onnx,vnnlib/ibp_3_3_8_2353.vnnlib,100
onnx/ibp_3_3_8.onnx,vnnlib/ibp_3_3_8_503.vnnlib,100
onnx/ibp_3_3_8.onnx,vnnlib/ibp_3_3_8_3509.vnnlib,100
onnx/ibp_3_3_8.onnx,vnnlib/ibp_3_3_8_6263.vnnlib,100
