onnx\model.onnx,vnnlib\model_0.vnnlib,150
onnx\model.onnx,vnnlib\model_1.vnnlib,150
onnx\model.onnx,vnnlib\model_2.vnnlib,150
onnx\model.onnx,vnnlib\model_3.vnnlib,150
onnx\model.onnx,vnnlib\model_4.vnnlib,150
onnx\model.onnx,vnnlib\model_5.vnnlib,150
onnx\model.onnx,vnnlib\model_6.vnnlib,150
onnx\model.onnx,vnnlib\model_7.vnnlib,150
onnx\model.onnx,vnnlib\model_8.vnnlib,150
onnx\model.onnx,vnnlib\model_9.vnnlib,150
onnx\model.onnx,vnnlib\model_10.vnnlib,150
onnx\model.onnx,vnnlib\model_11.vnnlib,150
onnx\model.onnx,vnnlib\model_12.vnnlib,150
onnx\model.onnx,vnnlib\model_13.vnnlib,150
onnx\model.onnx,vnnlib\model_14.vnnlib,150
onnx\model.onnx,vnnlib\model_15.vnnlib,150
onnx\model.onnx,vnnlib\model_16.vnnlib,150
onnx\model.onnx,vnnlib\model_17.vnnlib,150
onnx\model.onnx,vnnlib\model_18.vnnlib,150
onnx\model.onnx,vnnlib\model_19.vnnlib,150
onnx\model.onnx,vnnlib\model_20.vnnlib,150
onnx\model.onnx,vnnlib\model_21.vnnlib,150
onnx\model.onnx,vnnlib\model_22.vnnlib,150
onnx\model.onnx,vnnlib\model_23.vnnlib,150
onnx\model.onnx,vnnlib\model_24.vnnlib,150
onnx\model.onnx,vnnlib\model_25.vnnlib,150
onnx\model.onnx,vnnlib\model_26.vnnlib,150
onnx\model.onnx,vnnlib\model_27.vnnlib,150
onnx\model.onnx,vnnlib\model_28.vnnlib,150
onnx\model.onnx,vnnlib\model_29.vnnlib,150
onnx\model.onnx,vnnlib\model_30.vnnlib,150
onnx\model.onnx,vnnlib\model_31.vnnlib,150
onnx\model.onnx,vnnlib\model_32.vnnlib,150
onnx\model.onnx,vnnlib\model_33.vnnlib,150
onnx\model.onnx,vnnlib\model_34.vnnlib,150
onnx\model.onnx,vnnlib\model_35.vnnlib,150
onnx\model.onnx,vnnlib\model_36.vnnlib,150
onnx\model.onnx,vnnlib\model_37.vnnlib,150
onnx\model.onnx,vnnlib\model_38.vnnlib,150
onnx\model.onnx,vnnlib\model_39.vnnlib,150
onnx\model.onnx,vnnlib\model_40.vnnlib,150
onnx\model.onnx,vnnlib\model_41.vnnlib,150
onnx\model.onnx,vnnlib\model_42.vnnlib,150
onnx\model.onnx,vnnlib\model_43.vnnlib,150
onnx\model.onnx,vnnlib\model_44.vnnlib,150
onnx\model.onnx,vnnlib\model_45.vnnlib,150
onnx\model.onnx,vnnlib\model_46.vnnlib,150
onnx\model.onnx,vnnlib\model_47.vnnlib,150
onnx\model.onnx,vnnlib\model_48.vnnlib,150
onnx\model.onnx,vnnlib\model_49.vnnlib,150
