./onnx/14_ieee_ml4acopf.onnx,./vnnlib/14_ieee_prop1.vnnlib,600
./onnx/14_ieee_ml4acopf.onnx,./vnnlib/14_ieee_prop3.vnnlib,600
./onnx/14_ieee_ml4acopf.onnx,./vnnlib/14_ieee_prop11.vnnlib,600
./onnx/14_ieee_ml4acopf.onnx,./vnnlib/14_ieee_prop7.vnnlib,600
./onnx/14_ieee_ml4acopf.onnx,./vnnlib/14_ieee_prop5.vnnlib,600
./onnx/14_ieee_ml4acopf.onnx,./vnnlib/14_ieee_prop13.vnnlib,600
./onnx/14_ieee_ml4acopf.onnx,./vnnlib/14_ieee_prop9.vnnlib,600
./onnx/14_ieee_ml4acopf.onnx,./vnnlib/14_ieee_prop2.vnnlib,600
./onnx/14_ieee_ml4acopf.onnx,./vnnlib/14_ieee_prop14.vnnlib,600
./onnx/14_ieee_ml4acopf.onnx,./vnnlib/14_ieee_prop10.vnnlib,600
./onnx/14_ieee_ml4acopf.onnx,./vnnlib/14_ieee_prop6.vnnlib,600
./onnx/14_ieee_ml4acopf.onnx,./vnnlib/14_ieee_prop4.vnnlib,600
./onnx/14_ieee_ml4acopf.onnx,./vnnlib/14_ieee_prop12.vnnlib,600
./onnx/14_ieee_ml4acopf.onnx,./vnnlib/14_ieee_prop8.vnnlib,600
./onnx/300_ieee_ml4acopf.onnx,./vnnlib/300_ieee_prop4.vnnlib,600
./onnx/300_ieee_ml4acopf.onnx,./vnnlib/300_ieee_prop2.vnnlib,600
./onnx/300_ieee_ml4acopf.onnx,./vnnlib/300_ieee_prop105.vnnlib,600
./onnx/300_ieee_ml4acopf.onnx,./vnnlib/300_ieee_prop3.vnnlib,600
./onnx/118_ieee_ml4acopf.onnx,./vnnlib/118_ieee_prop6.vnnlib,600
./onnx/118_ieee_ml4acopf.onnx,./vnnlib/118_ieee_prop4.vnnlib,600
./onnx/118_ieee_ml4acopf.onnx,./vnnlib/118_ieee_prop2.vnnlib,600
./onnx/118_ieee_ml4acopf.onnx,./vnnlib/118_ieee_prop5.vnnlib,600
./onnx/118_ieee_ml4acopf.onnx,./vnnlib/118_ieee_prop3.vnnlib,600
